id,source_ticker,target_ticker,relationship_type,raw_mention,context,ai_label,ai_reasoning,human_label,human_notes
201,VVV,WMT,HAS_CUSTOMER,Walmart Inc,"Fulcher held various leadership positions at Walmart Inc., serving as Vice President Customer Strategy, Science and Journeys from October 2019 to August 2021; and Vice President Returns from February",incorrect,"The raw mention “Walmart Inc” in the context of an executive/biographical disclosure (“held various leadership positions at Walmart Inc., serving as Vice President…”) clearly refers to Walmart Inc. (WMT) as a prior employer, not as a customer of Valvoline. While the entity identification (Walmart) is correct, the asserted relationship type HAS_CUSTOMER is not supported by the surrounding text.",agree,
188,AIRG,AVGO,HAS_CUSTOMER,Broadcom,"Our customer base includes Aruba, AT&T (DIRECTV U.S., LLC), Belkin International, Inc., Broadcom, Charter Communications, Inc., Comcast Corporation, Commscope, Inc., Dish Network, Liberty Global plc.,",correct,"The mention is the full corporate name “Broadcom” appearing in a list of specific, well-known telecom/networking hardware and service companies identified as part of Airgain’s customer base. There is no additional qualifier suggesting a different entity (e.g., a local distributor or unrelated ‘Broadcom’ name), and Broadcom is a unique, globally recognized company name in this sector.",agree,
128,AGIO,BMY,HAS_PARTNER,Bristol Myers Squibb,Servier also acquired our co-commercialization rights for Bristol Myers Squibb’s IDHIFA® and the right to receive a $25.0 million potential milestone payment under our prior collaboration agreement wi,correct,"The raw mention is the full and distinctive company name “Bristol Myers Squibb,” which directly matches the target company BMY. The context discusses IDHIFA® (enasidenib), a product historically commercialized via Agios’s collaboration with Celgene; after Celgene’s acquisition, Bristol Myers Squibb became the relevant counterparty/owner, so referencing “Bristol Myers Squibb’s IDHIFA®” fits. The surrounding text also references a prior collaboration agreement and milestone payments—consistent with a partnered-development/commercialization relationship between Agios and BMS (as Celgene’s successor).",agree,
236,OMI,UPS,HAS_COMPETITOR,United Parcel Service,Major outsourced logistics competitors serving healthcare manufacturers in the United States include United Parcel Service and FedEx Corporation.,correct,"The raw mention ""United Parcel Service"" unambiguously refers to United Parcel Service, Inc. (UPS), a well-known package delivery and logistics company. The context explicitly lists it among ""major outsourced logistics competitors"" alongside FedEx, which aligns with UPS’s core business and with Owens & Minor’s healthcare logistics/distribution activities. No ambiguity from abbreviations or generic terms is present, and the relationship type (competitor in outsourced logistics) is plausible.",agree,
512,SO,GPJA,HAS_CUSTOMER,Georgia Power,"•The traditional electric operating companies – Alabama Power, Georgia Power, and Mississippi Power – are each operating public utility companies providing electric service to retail customers in thre",incorrect,"The mention ""Georgia Power"" in the context ""The traditional electric operating companies – Alabama Power, Georgia Power, and Mississippi Power – are each operating public utility companies..."" clearly refers to Georgia Power Company, a subsidiary operating utility within Southern Company’s corporate structure. However, the asserted relationship type HAS_CUSTOMER is wrong: Georgia Power is not a customer of Southern Company; it is one of Southern Company’s traditional electric operating companies (i.e., a subsidiary/affiliate).",agree,
173,CDW,NTNX,HAS_CUSTOMER,Nutanix,"We have received the highest level of certification from major vendor partners such as Cisco, Dell EMC, Hewlett Packard Enterprise, IBM, Microsoft, NetApp, Nutanix, Palo Alto Networks, Samsung and VMw",incorrect,"The raw mention “Nutanix” appears in a list of “major vendor partners” from which CDW has received certifications (Cisco, Dell EMC, HPE, IBM, Microsoft, NetApp, Nutanix, etc.). This context indicates Nutanix is a technology vendor/partner whose products CDW sells or for which CDW is certified, not a customer of CDW. While the name match to Nutanix, Inc. is strong, the asserted relationship type (HAS_CUSTOMER) is contradicted by the surrounding text.",agree,
428,NSP,ADP,HAS_COMPETITOR,Automatic Data Processing,"Our largest national competitors include the PEO divisions of large business services companies such as Automatic Data Processing, Inc.",correct,"The mention explicitly names ""Automatic Data Processing, Inc."", which is the full corporate name commonly used for ADP. In context, Insperity is discussing national competitors in the PEO (professional employer organization) market, and ADP operates a well-known PEO offering (e.g., ADP TotalSource). The relationship type (competitor) aligns with both companies' HR/payroll/PEO businesses, and there are no ambiguity red flags (not a generic term, includes Inc.).",agree,
149,SYRS,INCY,HAS_SUPPLIER,Incyte,"In addition, from the closing of this sale until the earlier of the second anniversary of such closing or the expiration or termination of the collaboration agreement, we have granted to Incyte the ri",incorrect,"The raw mention ""Incyte"" in a biotech 10‑K context about a ""collaboration agreement"" and granting rights strongly refers to Incyte Corporation (INCY), so the entity name match itself is plausible. However, the stated relationship type HAS_SUPPLIER is not supported: the snippet describes a sale closing and a collaboration agreement under which Syros granted rights to Incyte (i.e., a collaboration/licensing or strategic partner relationship), not a supplier/vendor arrangement. This mismatch in relationship is a material red flag for this resolution case.",agree,
207,MSFT,ORCL,HAS_SUPPLIER,Oracle,"12
PART I
Item 1

Competition

Azure faces diverse competition from companies such as Amazon, Google, IBM, Oracle, VMware, and open source offerings.",incorrect,"In the cited passage, “Oracle” appears in a list of companies that Azure competes with (Amazon, Google, IBM, Oracle, VMware). This context clearly indicates a competitor, not a supplier relationship. While the name likely refers to Oracle Corp (ORCL) as a major cloud/enterprise IT vendor, the resolved relationship type HAS_SUPPLIER is not supported by the text.",agree,
238,IVDN,SYK,HAS_COMPETITOR,Stryker,"|

Some of our biggest competitors in the Arctic Armor™
line are:

| ● | Ice Clam Corporation |
|---|----------------------|
| ● | Vexilar              |
| ● | Mustang Survival     |
| ● | Frabill",incorrect,"The context is a list of competitors for Innovative Designs’ Arctic Armor cold-weather clothing line. The surrounding competitor names (Ice Clam, Vexilar, Mustang Survival, Frabill) are outdoor/ice-fishing and survival apparel/gear companies, not medical device manufacturers. Stryker Corporation (SYK) is a medical technology company and would not reasonably be a direct competitor in cold-weather clothing/house wrap markets. Additionally, the provided competitor table snippet does not even include ‘Stryker,’ suggesting the extracted mention may be spurious or from a different use of the word.",agree,
480,CLNE,WCN,HAS_CUSTOMER,Waste Connections,"As of December 31, 2023, we fuel approximately 16,000 refuse vehicles for customers including Waste Management, Republic Services, Waste Connections, GFL Environmental, Atlas Disposal, Burrtec, CR&R,",correct,"The mention ""Waste Connections"" appears in a list of specific refuse fleet customers (alongside Waste Management, Republic Services, GFL, etc.) that Clean Energy Fuels provides fuel for. ""Waste Connections"" is the common short name for Waste Connections, Inc. (NYSE: WCN). The context (refuse vehicles) directly aligns with WCN’s core waste collection business and use of refuse truck fleets that could be fueled by RNG/CNG/LNG.",agree,
140,ONC,AMGN,HAS_SUPPLIER,Amgen,"and Amgen (the “Share Purchase Agreement”), we issued to Amgen 206,635,013 ordinary shares in the form of 15,895,001 American Depositary Shares (ADSs) of BeiGene, Ltd.",incorrect,"The mention ""Amgen"" in the provided context refers to a counterparty to a Share Purchase Agreement that received shares/ADSs of BeiGene (BeOne Medicines). This is an equity investment/strategic transaction context, not a supplier relationship. While the name likely does refer to Amgen Inc. (AMGN) as an entity, the asserted relationship type HAS_SUPPLIER is not supported by the text and makes the overall resolution case incorrect.",agree,
427,SHO,ABNB,HAS_PARTNER,Airbnb,"and its trading partners, changes impacting global travel, regional or global economic slowdowns, which may diminish the desire for leisure travel or the need for business travel, as well as any type",incorrect,"The raw mention “Airbnb” clearly denotes the Airbnb platform/company, so the name-to-ABNB mapping is plausible. However, the provided context (“…and its trading partners, changes impacting global travel…”) reads like a risk-factor discussion (likely about Airbnb’s impact/competition or general travel ecosystem), not a statement that Sunstone Hotel Investors has a partnership with Airbnb. Sunstone is a hotel REIT; Airbnb is typically discussed as an alternative lodging/competitive factor rather than a business partner. The relationship type HAS_PARTNER is not supported by the snippet, making the resolved ‘partner’ linkage incorrect for this mention.",agree,
105,DGWR,DG,HAS_SUPPLIER,DG,"3


Asset
Purchase Agreement

On
February 8, 2021, the Company, through its wholly owned subsidiary DG Research, Inc.",incorrect,"The raw mention “DG” appears in the phrase “wholly owned subsidiary DG Research, Inc.” In this context, “DG” is part of the name of the registrant’s subsidiary and is not a reference to Dollar General Corp. There is no indication of discount retailing, a vendor relationship, or any procurement/supplier context. The asserted relationship type (HAS_SUPPLIER) is also inconsistent with the text, which describes a corporate subsidiary involved in an asset purchase agreement.",agree,
183,GRDX,NDAQ,HAS_SUPPLIER,Nasdaq,"The market price for our Common Stock has been and may continue to be volatile and subject to wide fluctuations in response to factors including the following:
·sales or potential sales of substantial",incorrect,"The raw mention “Nasdaq” appears in a generic risk-factor discussion about volatility in the market price of the issuer’s common stock. In 10-Ks this typically references the stock market/exchange where the shares trade (e.g., Nasdaq Capital Market), not a vendor relationship. The provided context does not indicate any procurement of goods/services from Nasdaq, nor any contractual supplier relationship. While “Nasdaq” could refer to the Nasdaq exchange ultimately owned by Nasdaq, Inc., the asserted relationship type (HAS_SUPPLIER) is not supported by the text snippet.",agree,
111,CMMB,TGT,HAS_PARTNER,Target,"Target expression and engagement

Chemomab regularly collaborates with leading academic centers around the world to investigate
the role of CCL24 and CM-101 in various indications.",incorrect,"The raw mention ""Target"" appears in the phrase ""Target expression and engagement,"" which is standard scientific/biomedical terminology referring to a biological target (e.g., target protein expression) rather than a proper noun identifying Target Corporation. The surrounding context discusses Chemomab’s collaborations with academic centers on CCL24 and CM-101, consistent with biotech R&D and not a commercial partnership with a retail company. There is no contextual support (e.g., ‘Target Corporation’, ‘retail’, ‘stores’, ‘supplier’, ‘partner’) tying the mention to ticker TGT.",agree,
502,LBRDA,TMUS,HAS_COMPETITOR,T-Mobile US,"Mobile Competition

Charter and GCI Holdings’ mobile services face competition from national mobile network operators including AT&T, Verizon and T-Mobile US, Inc.",correct,"The filing explicitly lists ""T-Mobile US, Inc."" among national mobile network operators competing with Charter and GCI Holdings’ mobile services. The name matches the public company T-Mobile US, Inc. (TMUS) unambiguously, including the corporate suffix, and the described competitive dynamic (mobile services competition) aligns with T-Mobile’s business.",agree,
44,UCTT,CLS,HAS_COMPETITOR,Celestica Inc,"Our principal competitor for gas delivery systems is Ichor Systems, Inc., and our principal competitors for other critical subsystems are Flex Ltd., Foxsemicon Integrated Technology Inc., Jabil, Inc.,",correct,"The raw mention is the full corporate name “Celestica Inc,” which directly matches the public company Celestica Inc. (ticker: CLS). In the cited context, Ultra Clean lists principal competitors for critical subsystems alongside Flex Ltd. and Jabil, Inc., which are well-known electronics manufacturing services/contract manufacturing firms—Celestica operates in the same space and is a plausible competitor for outsourced manufacturing and subsystem integration. There are no contextual cues suggesting a different Celestica entity (e.g., a private subsidiary, product name, or non-corporate usage), and the name is not a generic term or ambiguous abbreviation.",agree,
216,SRFM,SO,HAS_PARTNER,Southern,"Furthermore, the integration of any acquisition, including the acquisition of Southern, or the establishment of a partnership or joint venture may divert management’s time and resources from our core",incorrect,"The raw mention is only the generic term “Southern” and the context discusses “the acquisition of Southern” as an acquisition target, not identifying an electric utility or implying a partnership with Southern Company (SO). Given Surf Air Mobility’s aviation business, an acquisition reference to a company named “Southern” much more plausibly points to an aviation-related entity (e.g., Southern Airways / Southern Airways Express) rather than Southern Company, a regulated electric and gas utility holding company. There is no supporting context (utility, energy, power generation, etc.) tying the mention to Southern Company, and the relationship type (HAS_PARTNER) conflicts with the phrasing about an acquisition.",agree,
417,CVNA,NDAQ,HAS_CUSTOMER,NASDAQ,"(NASDAQ: ROOT, “Root”) to offer an integrated auto

24

insurance solution, through which customers in most states may access and purchase auto insurance directly from the Carvana e-commerce platform.",incorrect,"The text “(NASDAQ: ROOT, “Root”)” is a standard stock-ticker parenthetical indicating that Root, Inc. is listed on the Nasdaq exchange. It does not describe Nasdaq, Inc. as a customer of Carvana, nor any commercial relationship between Carvana and Nasdaq. The surrounding context is about Carvana partnering with Root to offer insurance; Nasdaq is only mentioned as the market identifier for Root’s ticker symbol.",agree,
248,GEL,MLP,HAS_PARTNER,MLP,"Business


General

We are a growth-oriented master limited partnership (“MLP”) formed in Delaware in 1996.",incorrect,"In the context, “MLP” is explicitly defined as an acronym for “master limited partnership” (“We are a growth-oriented master limited partnership (“MLP”)…”). It is not a reference to Maui Land & Pineapple Co., Inc. (ticker MLP). There is no indication of a business relationship or partner, and the mention is generic corporate-structure terminology, not an entity name.",agree,
272,BTAI,NKTR,HAS_COMPETITOR,Nektar Therapeutics,"Clinical stage companies that compete with us directly on the level of the development of product candidates targeting the innate immune system include Amgen Inc., Mirati Therapeutics, Inc., Bristol-",correct,"The raw mention exactly matches the public company name “Nektar Therapeutics,” which corresponds to ticker NKTR. The context is a competitors list of clinical-stage companies developing product candidates targeting the innate immune system, which aligns with Nektar’s immunotherapy/immuno-oncology focus. No abbreviation or generic-term ambiguity is present.",agree,
204,ACLX,PFE,HAS_COMPETITOR,Pfizer,"We anticipate substantial direct competition from other organizations developing advanced CAR-Ts, other types of genetically modified cell therapies, or other anti-BCMA biologics due to their promisin",correct,"The mention is the standalone proper name “Pfizer,” which in a biotech/oncology competition context is highly likely to refer to Pfizer Inc. (PFE) rather than another entity. The surrounding text discusses competition from organizations developing CAR-Ts and other anti-BCMA biologics. Pfizer has active oncology programs, including BCMA-directed therapies (e.g., elranatamab), making it a plausible direct competitor in the relevant therapeutic area. No contextual cues suggest a different ‘Pfizer’ entity (e.g., a subsidiary, person, or non-public company) or a non-competitor relationship.",agree,
295,HCTI,MSFT,HAS_CUSTOMER,Microsoft,"In addition to healthcare-specific information
protection requirements, we store sensitive information, including personal information about our employees, and our platforms involve
the storage and tr",incorrect,"The raw mention is ""Microsoft,"" but the provided surrounding context is a generic cybersecurity/data storage risk disclosure and does not indicate that Microsoft is a customer of Healthcare Triangle. If Microsoft is mentioned elsewhere in this section, it is more plausibly as a technology provider (e.g., Microsoft Azure/365) whose platforms/services Healthcare Triangle uses, not as a party purchasing Healthcare Triangle’s products. Nothing here supports a HAS_CUSTOMER relationship (source->target).",agree,
119,APCX,GPN,HAS_PARTNER,Global Payments,"Our processing partners include Total Systems Services
(“TSYS”)/Global Payments., JetPay an NCR Payment Solutions Company, Harbortouch Payments a Shift4 Company, Cynergy Data/Priority
Payments Systems",correct,"The raw mention ""Global Payments"" appears in a list of payment processing partners: ""Total Systems Services (TSYS)/Global Payments"". Global Payments Inc. (GPN) acquired/operates TSYS, and the combined entity is commonly referenced as TSYS/Global Payments in the payments industry. The context clearly uses it as a named corporate partner, not a generic phrase. This supports resolving the mention to the public company Global Payments Inc. (GPN).",agree,
311,GOSS,TENX,HAS_COMPETITOR,Tenax Therapeutics,"Additionally, although not approved for the treatment of PAH, we may face competition from formulations of imatinib, including those from Tenax Therapeutics, Aerovate Therapeutics and Aerami Therapeut",correct,"The raw mention exactly matches the corporate name “Tenax Therapeutics,” which is a distinctive biotech company name and aligns with the public issuer Tenax Therapeutics, Inc. (TENX). The surrounding context lists other specific biotech companies (Aerovate Therapeutics, Aerami Therapeutics) developing formulations of imatinib for pulmonary arterial hypertension (PAH), suggesting the mention is intended to identify specific corporate competitors rather than a generic term. Tenax Therapeutics operates in pulmonary hypertension-related indications, making the competitive framing plausible in a PAH drug-development discussion.",agree,
363,EVR,PJT,HAS_PARTNER,PJT Partners,"Our investment banking competitors can be categorized into two main groups: (1) large universal banks and bulge bracket firms such as Bank of America, Barclays, Citigroup, Deutsche Bank, Goldman Sachs",incorrect,"The raw mention ""PJT Partners"" would ordinarily refer to PJT Partners Inc. (ticker PJT), so the name-to-entity mapping is plausible. However, the provided context is a list of Evercore's investment banking competitors (large universal/bulge bracket banks), not a discussion of business partners. That makes the asserted relationship type HAS_PARTNER inconsistent with the surrounding text. Additionally, the snippet shown does not actually include ""PJT Partners"" among the competitors, raising further context support issues (possible truncation).",agree,
462,PXLW,AAPL,HAS_SUPPLIER,Apple Inc,"Potential and current competitors may include diversified semiconductor manufacturers and the semiconductor divisions or affiliates of some of our customers, including: Apple Inc., Broadcom Inc., LG E",incorrect,"The mention ""Apple Inc."" in the provided context appears in a list of ""current and potential competitors"" (""competitors may include ... affiliates of some of our customers, including: Apple Inc., Broadcom Inc., ...""). This supports identifying the entity as Apple Inc. (AAPL), but it does not support the relationship type HAS_SUPPLIER. Apple is being described as a competitor (or as an affiliate of a customer that competes), not as Pixelworks' supplier.",agree,
101,BBNX,DXCM,HAS_PARTNER,DexCom,"We have also partnered with DexCom, Inc.",correct,"The mention explicitly states “partnered with DexCom, Inc.” which directly corresponds to DexCom’s corporate name/brand spelling and is not a generic term. Dexcom (DXCM) is a well-known diabetes device company providing continuous glucose monitoring (CGM) systems, which are commonly integrated with insulin delivery/closed-loop pump systems like those developed by Beta Bionics. The context of a diabetes medical device company discussing partnerships strongly supports that this refers to Dexcom, Inc. (DXCM) rather than any other similarly named entity.",agree,
237,TTWO,GME,HAS_CUSTOMER,GameStop,"Our top customers include, among others, Sony, Microsoft, Steam, GameStop, and Epic.",correct,"The raw mention is the proper noun “GameStop” in a list of major videogame distribution/retail customers (Sony, Microsoft, Steam, GameStop, Epic). In the interactive entertainment industry, “GameStop” almost universally refers to GameStop Corp., the well-known U.S. videogame retailer (ticker GME). Take-Two distributes physical and digital titles through console platform holders and retailers, making GameStop a plausible customer. The surrounding context explicitly describes ‘top customers,’ which fits a retailer relationship rather than a competitor or unrelated entity. No red flags (not a generic term; not an ambiguous abbreviation; relationship type aligns with business reality).",agree,
22,CDW,PANW,HAS_SUPPLIER,Palo Alto Networks,"Partners

We provide more than 100,000 products and services from more than 1,000 vendor partners, including well-established companies such as Adobe, APC, Apple, Cisco, Dell EMC, Google, Hewlett Pack",correct,"The raw mention is the exact corporate name “Palo Alto Networks,” which uniquely identifies Palo Alto Networks, Inc. (PANW) in an IT/cybersecurity context. The surrounding text is a list of CDW’s “vendor partners” (e.g., Adobe, Apple, Cisco, Dell EMC, Google), which are well-known technology manufacturers/software publishers whose products CDW resells or integrates. Palo Alto Networks is a major cybersecurity vendor whose products are commonly distributed via channel partners like CDW, making the supplier/vendor relationship plausible and consistent with CDW’s business model. No contextual clues suggest another entity with the same name, and the mention is not a generic term or ambiguous abbreviation.",agree,
180,VERA,MA,HAS_SUPPLIER,MA,"Similar to the United States, both MA holders and manufacturers of medicinal products are subject to comprehensive regulatory oversight by the EMA, the European Commission and/or the competent regulat",incorrect,"The mention ""MA"" appears in a European pharmaceutical regulatory context alongside EMA and the European Commission: ""MA holders"" is standard shorthand for ""marketing authorization holders"" (i.e., companies holding an EU marketing authorization). It does not refer to Mastercard Inc. There is no contextual support for payments/financial services, and a HAS_SUPPLIER relationship is illogical here.",agree,
422,WELPP,WEC,HAS_SUPPLIER,WEC Energy Group,"By the end of 2030, WEC Energy Group expects to use coal as a backup fuel only and believes it will be in a position to eliminate coal as an energy source by the end of 2035.",incorrect,"The raw mention explicitly names “WEC Energy Group,” which is the parent holding company of Wisconsin Electric Power Company. In context, the sentence describes corporate-level fuel/coal strategy (“expects to use coal as a backup fuel only…”) consistent with a parent/enterprise plan, not a third-party supplier relationship. Therefore, while the entity name matches WEC Energy Group, the resolved relationship (HAS_SUPPLIER) is not supported and the match as framed is incorrect.",agree,
102,ITOX,GE,HAS_COMPETITOR,General Electric,"Some examples of large and small competitors
include, but are not limited to:

| · | General Electric with its GE Predix product for IoT;  |
|---|------------------------------------------------------",correct,"The mention explicitly says “General Electric with its GE Predix product for IoT,” which uniquely identifies General Electric Co. (GE) and its Predix industrial IoT platform. The surrounding text is a competitor list in an IoT context, consistent with GE being a competitor in industrial IoT/IIoT software platforms.",agree,
346,EVTC,FIS,HAS_CUSTOMER,Fidelity National Information Services,"In merchant acquiring, we compete with several other service providers and financial institutions that are either in our markets or represented through Independent Sales Organizations (“ISO”), includi",incorrect,"The raw mention ""Fidelity National Information Services"" clearly corresponds to Fidelity National Information Services, Inc. (FIS). However, the provided context is a competitive landscape statement (""we compete with several other service providers... including...""). That indicates FIS is being cited as a competitor/peer in merchant acquiring, not as a customer of EVERTEC. Therefore the entity match is plausible, but the asserted relationship type (HAS_CUSTOMER) is not supported by the text.",agree,
361,PXLW,LSCC,HAS_COMPETITOR,Lattice Semiconductor Corporation,"We also compete with specialized and diversified electronics and semiconductor companies that offer display processors or scaling components including: Actions Microelectronics Co., Ltd., ARM Holdings",correct,"The raw mention is the full legal name ""Lattice Semiconductor Corporation,"" which unambiguously matches the public company Lattice Semiconductor Corp (LSCC). The surrounding context is a list of competitors in the semiconductor/display processing/scaling space, and Lattice is explicitly included among those competitors. While Lattice is best known for programmable logic (FPGAs/CPLDs) rather than dedicated display processors, FPGAs can be used in video/display processing and Pixelworks may view Lattice as a competitive alternative in certain designs; the explicit naming in a competitor list supports the intended reference.",agree,
215,ACN,ORCL,HAS_COMPETITOR,Oracle,"Our strong ecosystem relationships provide a significant competitive advantage, and we are a key partner of a broad range of technology providers, including Adobe, Alibaba, Amazon Web Services, Blue Y",incorrect,"The raw mention ""Oracle"" in the context of a list of ""technology providers"" Accenture is a ""key partner"" of most naturally refers to Oracle Corporation (ORCL). However, the stated relationship HAS_COMPETITOR is not supported by the surrounding text; Oracle is being cited as part of Accenture’s partner ecosystem rather than as a competitor. Therefore the match-as-a-competitor resolution is incorrect.",agree,
313,MAN,KELYA,HAS_COMPETITOR,Kelly Services,"We also compete against a variety of regional or specialized companies such as Recruit Holdings, Kelly Services, Robert Half, Kforce, PageGroup, Korn/Ferry International and Alexander Mann.",correct,"The raw mention “Kelly Services” is the exact commonly used name of Kelly Services, Inc. The context lists it among other well-known staffing and workforce solutions firms (Recruit, Robert Half, Kforce, PageGroup, Korn/Ferry, Alexander Mann), which aligns with Kelly Services’ business. No ambiguity with a generic term or different entity is apparent here.",agree,
509,LXU,ASIX,HAS_SUPPLIER,Advansix,"See further discussion relating to the outlook for our business under “Key Industry Factors.”

Competition

We operate in a highly competitive market with many other larger chemical companies, such as",incorrect,"The raw mention “Advansix” is a close name match to AdvanSix Inc. (ASIX), and in an LSB Industries 10‑K it could plausibly refer to that public company. However, the provided context places the mention under a “Competition” section: “We operate in a highly competitive market with many other larger chemical companies, such as …” This framing indicates AdvanSix is being cited as a competitor/peer chemical producer, not as a supplier to LSB. Therefore the resolved entity may be right, but the asserted relationship type (HAS_SUPPLIER) is not supported by the context.",agree,
69,INTI,PFE,HAS_COMPETITOR,Pfizer,"The chart below lists products or products in development that we believe may compete directly with our proposed SUBA-Itraconazole therapy:

| Names                  | Company          | Description",correct,"The raw mention is the proper name ""Pfizer"" and appears in a competitor-products table with columns including ""Company,"" strongly indicating the mention refers to the pharmaceutical company Pfizer Inc. There are no contextual clues suggesting a different Pfizer-branded entity (e.g., a subsidiary with a different parent, a private company, or a non-pharma organization). In the context of a pharmaceutical developer describing competing products for a cancer therapy, Pfizer Inc. is a well-known developer/marketer of oncology and related therapeutics, making the competitor relationship plausible.",agree,
93,ALLO,AUTL,HAS_COMPETITOR,Autolus Therapeutics,"For example, we may experience competition in these markets from companies such as Adicet Bio, Inc., Atara Biotherapeutics, Inc., Autolus Therapeutics plc, BMS, Cabaletta Bio, Inc., Cartesian Therapeu",correct,"The raw mention explicitly names “Autolus Therapeutics plc” (also appears as “Autolus Therapeutics” in the excerpt), which is the full legal name of the public company Autolus Therapeutics plc (NASDAQ: AUTL). This is an unambiguous, near-exact name match.

Context supports the interpretation: the mention appears in a competitive landscape sentence listing other cell therapy / immuno-oncology companies (e.g., Adicet Bio, Atara, BMS, Cabaletta). Autolus operates in CAR/T-cell therapies for cancer/autoimmune diseases, directly overlapping with Allogene’s allogeneic T-cell focus. Listing it as a competitor is business-logically consistent.

No obvious red flags (not a generic term, not a ticker-symbol collision, and the inclusion of “plc” further disambiguates).",agree,
303,FDMT,BIIB,HAS_COMPETITOR,Biogen,"Certain of our competitors have commercially approved products for the treatment of the diseases that we are pursuing or may pursue in the future, including Biogen, Roche, Sanofi, Takeda and Vertex.",correct,"The raw mention is the proper name ""Biogen"" appearing in a list of named pharmaceutical companies described as competitors. Biogen is a well-known global biopharmaceutical company whose legal name is Biogen Inc. (ticker BIIB), and there is no indication the mention refers to a different entity (e.g., a division or unrelated company). The context explicitly frames these companies as competitors with commercially approved products in disease areas the filer is pursuing, which is consistent with Biogen’s presence in relevant therapeutic markets.",agree,
120,TSNDF,CGC,HAS_PARTNER,Canopy Growth Corporation,"To support its new strategy, TerrAscend entered into an agreement with Canopy Growth Corporation (“Canopy Growth”), RIV Capital Inc.",correct,"The raw mention explicitly names ""Canopy Growth Corporation"" and immediately defines it as “Canopy Growth,” which matches the target company Canopy Growth Corp (ticker CGC). The context describes TerrAscend entering into an agreement with Canopy Growth, which supports a partnership/strategic relationship rather than an unrelated use of the name. There are no red flags such as a generic term, acronym-only reference, or conflicting industry/context.",agree,
478,SCSC,ZBRA,HAS_SUPPLIER,Zebra Technologies,"Suppliers

We provide products and services from approximately 500 suppliers, including 8x8, ACC Business, AT&T, Aruba/HPE, Axis, AudioCodes, Avaya, Barco, Bematech, CenturyLink, Cisco, Comcast Busine",correct,"The raw mention “Zebra Technologies” in a list of suppliers strongly and unambiguously refers to Zebra Technologies Corporation (ZBRA), whose public-facing name is “Zebra Technologies.” The context is a supplier list of technology vendors (e.g., Cisco, Avaya, Aruba/HPE), consistent with Zebra being a major hardware/AIDC vendor commonly distributed through channel partners like ScanSource. No competing common meaning for “Zebra Technologies” appears in the snippet, and it is not a generic term or abbreviation.",agree,
45,USIO,V,HAS_PARTNER,Visa,"The cancellation of either contract, termination of their registration or any changes in the Visa, Mastercard or Discover rules that would impair the registration of our third-party processing provide",correct,"The mention appears in a payments/merchant processing compliance context: “changes in the Visa, Mastercard or Discover rules…”. In SEC filings, “Visa/Mastercard/Discover rules” commonly refers to the operating regulations of the major card networks. The capitalized brand name “Visa” alongside Mastercard and Discover strongly indicates the Visa payment network/brand, whose public parent is Visa Inc. There is no plausible alternative public company commonly referred to as “Visa” in this specific card-network-rules context.",agree,
354,MNST,CELH,HAS_COMPETITOR,Celsius Holdings,"For example, PepsiCo entered into a long-term strategic distribution arrangement with Celsius Holdings, Inc., a competitor in the energy drink space, in August 2022.",correct,"The raw mention explicitly names ""Celsius Holdings, Inc."" in full, matching the legal name of the public company with ticker CELH. The context identifies it as ""a competitor in the energy drink space,"" which aligns with Celsius’s functional/energy beverage business and Monster Beverage’s competitive landscape. The mention also references a well-known August 2022 PepsiCo distribution agreement with Celsius, further anchoring the identification to CELH and reducing ambiguity. No red flags such as generic wording or abbreviation-only references are present.",agree,
444,EOLS,MA,HAS_COMPETITOR,MA,"Under the above described procedures, before granting the MA, the EMA or the competent authorities of the Member States of the EEA make an assessment of the risk-benefit balance of the product on the",incorrect,"The raw mention ""MA"" appears in a European regulatory context alongside ""EMA"" and ""competent authorities"" and refers to a Marketing Authorization (MA) for a medicinal product, not to Mastercard Inc. There is no name match (Mastercard is typically abbreviated as 'MA' only as a stock ticker, not in narrative text), and the surrounding discussion is about EU/EEA product approval processes, unrelated to payments. Therefore the competitor relationship is unsupported and illogical.",agree,
159,INAB,ADAPY,HAS_COMPETITOR,Adaptimmune Therapeutics,"Our known competitors in the field of allogeneic and gamma-delta T cell therapy include Acepodia USA, Adaptimmune Therapeutics plc, Adicet Bio, Inc., Allogene Therapeutics, Inc., American Gene Technol",correct,"The raw mention explicitly names “Adaptimmune Therapeutics plc,” which directly matches the public company Adaptimmune Therapeutics PLC (ADAPY). There is no indication of another similarly named entity in this context, and the spelling/PLC suffix aligns with the issuer’s legal name.",agree,
378,CLDX,MA,HAS_COMPETITOR,MA,"Before
granting the MA, the European Medicines Agency or the competent authorities of the member states of the EEA make an assessment of the risk-benefit balance of the product on the
basis of scienti",incorrect,"The raw mention ""MA"" appears in a regulatory/clinical context: ""Before granting the MA, the European Medicines Agency... make an assessment of the risk-benefit balance of the product"". In EU pharmaceutical regulation, ""MA"" is the standard abbreviation for ""Marketing Authorization"". There is no indication this refers to Mastercard Inc., and Celldex (a biopharma) would not describe Mastercard as a competitor in this context.",agree,
58,OSS,AVGO,HAS_CUSTOMER,Broadcom,"We apply the component technology provided by Intel, AMD, NVIDIA, Micron, Broadcom, and others to deliver solutions to provide true value to our customers.",incorrect,"The raw mention ""Broadcom"" in the sentence is part of a list of semiconductor/component technology providers (Intel, AMD, NVIDIA, Micron, Broadcom, etc.). The context explicitly says OSS applies the component technology provided by these firms, which describes suppliers/technology vendors, not customers. While ""Broadcom"" likely refers to Broadcom Inc. (AVGO) as the well-known semiconductor company, the asserted relationship type (HAS_CUSTOMER) is not supported by the text, making this match incorrect in this labeling task.",agree,
